Letter,Probability (Turkish)
a,0.1192
b,0.0284
c,0.0212
d,0.0471
e,0.0891
f,0.0046
g,0.0238
h,0.0121
i,0.1371
j,0.0003
k,0.0468
l,0.0592
m,0.0375
n,0.0749
o,0.0325
p,0.0089
q,0
r,0.0672
s,0.0479
t,0.0331
u,0.0509
v,0.0096
w,0
x,0
y,0.0334
z,0.015
